,hit_id,worker,number_in_session,time_since_last_idea,content,previous_idea_index,similarity
0,http://purl.org/innovonto/mturk/hit/337F8MIIMZK0EA7V1YYF0106J9440K,http://purl.org/innovonto/mturk/worker/A13FUEPWBCLBUY,1,312.932,This device may be of good use to hunters out in the wild.  The device could positively identify specific game animals that the hunter are trying to locate and notify them.  This can save time and effort in their search.  The device could discern between the different types of animals that cross the sensors path.,-1,-1.0
1,http://purl.org/innovonto/mturk/hit/3W1K7D6QSBOH1UYUK7LUEE9YB84BZP,http://purl.org/innovonto/mturk/worker/A1CGDMOPDIC7EU,1,452.546,This technology could be used on doors so that it can unlock or open the door based on who is at the door. It could be trained to recognize a person and in turn it can unlock the door or open it based on whether that person is in it's database. This would be great when you are trying to get into your house and your hands are full. It would recognize that you belong in the house and it could open the door. ,-1,-1.0
2,http://purl.org/innovonto/mturk/hit/3W1K7D6QSBOH1UYUK7LUEE9YB84BZP,http://purl.org/innovonto/mturk/worker/A1CGDMOPDIC7EU,2,288.663,The could be used in the wilderness to track particular animals so that they can be counted and recorded. This could help researcher find out how many there could possible be in the wild and also it might be able to find new species. This could also help if tracking an endangered species to keep track of their numbers. It would be very helpful with it being weather resistant because it could potentially be in the wilderness for a long time. ,1,-0.058200228959321976
3,http://purl.org/innovonto/mturk/hit/3W1K7D6QSBOH1UYUK7LUEE9YB84BZP,http://purl.org/innovonto/mturk/worker/A1GD7ISOXO1XFZ,1,233.474,"Use the device as part of a home- or business-based alarm system where the motion of pets or humans could be programmed into the system to prevent false alarms. Other moving creatures, other than those programmed for ""ignore"" status would set off the alarm.",-1,-1.0
4,http://purl.org/innovonto/mturk/hit/3W1K7D6QSBOH1UYUK7LUEE9YB84BZP,http://purl.org/innovonto/mturk/worker/A1GD7ISOXO1XFZ,2,242.898,"The device could be used in a school situation to identify people moving through the halls who are not already programmed into the system. In this way, it might identify unwanted or unallowed visitors to the school who may present a danger.",3,0.0004265857860445976
5,http://purl.org/innovonto/mturk/hit/3W1K7D6QSBOH1UYUK7LUEE9YB84BZP,http://purl.org/innovonto/mturk/worker/A1GD7ISOXO1XFZ,3,261.894,"Hunters could use a series of the devices to ""stake out"" a hunting grounds and identify not only the presence of game, but the specific type of game in the area.",4,0.013906607404351234
6,http://purl.org/innovonto/mturk/hit/3W1K7D6QSBOH1UYUK7LUEE9YB84BZP,http://purl.org/innovonto/mturk/worker/A1GD7ISOXO1XFZ,4,182.305,"The device could be used to analyze changes in motion exhibited by an individual for, for example, medical diagnostics. Similarly, the analysis could be used to optimize a particular motion for sports (throwing, swinging a bat, golf swing, running motion, etc.)",5,0.005732154008001089
7,http://purl.org/innovonto/mturk/hit/3DWGDA5POFBZFCBSHD32NWJT1L71VW,http://purl.org/innovonto/mturk/worker/A20SL254675EOK,1,98.225,Add in large buildings to monitor elevator use in order to find the fastest route to a place. For example screens on hospital walls showing real time data. ,-1,-1.0
8,http://purl.org/innovonto/mturk/hit/3DWGDA5POFBZFCBSHD32NWJT1L71VW,http://purl.org/innovonto/mturk/worker/A20SL254675EOK,2,169.086,Use them to control small robotic systems in a manufacturing place.,7,0.07718441635370255
9,http://purl.org/innovonto/mturk/hit/3DWGDA5POFBZFCBSHD32NWJT1L71VW,http://purl.org/innovonto/mturk/worker/A20SL254675EOK,3,88.066,Use them when hunting to find and locate small pray or bugs. ,8,0.016919689252972603
10,http://purl.org/innovonto/mturk/hit/3DWGDA5POFBZFCBSHD32NWJT1L71VW,http://purl.org/innovonto/mturk/worker/A20SL254675EOK,4,110.9,Use them for athletes to train and repeat exact movements of well timed/done plays.,9,0.0264712106436491
11,http://purl.org/innovonto/mturk/hit/3DWGDA5POFBZFCBSHD32NWJT1L71VW,http://purl.org/innovonto/mturk/worker/A20SL254675EOK,5,84.576,Give them to blind people and add a talking function. ,10,0.06495442241430283
12,http://purl.org/innovonto/mturk/hit/3DWGDA5POFBZFCBSHD32NWJT1L71VW,http://purl.org/innovonto/mturk/worker/A20SL254675EOK,6,466.499,Add them to sewers and waterways to view leaks or problems before they happen.,11,0.028050841763615608
13,http://purl.org/innovonto/mturk/hit/3DWGDA5POFBZFCBSHD32NWJT1L71VW,http://purl.org/innovonto/mturk/worker/A20SL254675EOK,7,172.79,Use the device for checking for termites. ,12,-0.026752382516860962
14,http://purl.org/innovonto/mturk/hit/3DWGDA5POFBZFCBSHD32NWJT1L71VW,http://purl.org/innovonto/mturk/worker/A20SL254675EOK,8,55.127,Track ant infestations from outside to in your home in order to eliminate the problem.,13,-0.0015086046187207103
15,http://purl.org/innovonto/mturk/hit/3DWGDA5POFBZFCBSHD32NWJT1L71VW,http://purl.org/innovonto/mturk/worker/A20SL254675EOK,9,62.639,Attach the devices to cars in place of a gps to automate cars. ,14,0.013126353733241558
16,http://purl.org/innovonto/mturk/hit/337F8MIIMZK0EA7V1YYF0106J9440K,http://purl.org/innovonto/mturk/worker/A23KAJRDVCVGOE,1,242.666,"it can be used for a child, if a child is having problems at school like if someone is bullying them this tech can identify the movement of the other person the bully in this situation and it can collect the info and when the parents or the teacher need proof it will be in the form of the objects. So they know exactly what was going on if the person being bullied was hit or verbally abused or any other things. ",-1,-1.0
17,http://purl.org/innovonto/mturk/hit/337F8MIIMZK0EA7V1YYF0106J9440K,http://purl.org/innovonto/mturk/worker/A23KAJRDVCVGOE,2,147.008,"it can be used to put in public places like train stations, bus stations, airports. Parks and schools. It can easily recognize criminals and their patterns. If someone is wanted this technology will recognize them and alert the proper authorities. ",16,-0.017446404322981834
18,http://purl.org/innovonto/mturk/hit/337F8MIIMZK0EA7V1YYF0106J9440K,http://purl.org/innovonto/mturk/worker/A23KAJRDVCVGOE,3,186.351,It can be put on a baby right after they are born at the hospital. That way there would be no chance of another parent switching babies at birth or someone stealing your newborn. It will not cause any hard to the child. All it will do is be put on the arms or the legs in form of a strap or bracelet so that it wont and cant be easily cut or removed. It can be used as a tracking system.,17,-0.015596996992826462
19,http://purl.org/innovonto/mturk/hit/337F8MIIMZK0EA7V1YYF0106J9440K,http://purl.org/innovonto/mturk/worker/A23KAJRDVCVGOE,4,259.652,"can be used as a trap for speedster, not necessarily a trap but it will recognize people that speed in the same neighborhood all the time, not also in the same neighborhood but speeding in general. It will track their pattern and then it can also be modified to log their license plates so people like this can be apprehended and dealt with before they cause harm to the public with their aggressive behavior. ",18,0.07922402024269104
20,http://purl.org/innovonto/mturk/hit/337F8MIIMZK0EA7V1YYF0106J9440K,http://purl.org/innovonto/mturk/worker/A23KAJRDVCVGOE,5,102.291,"it can be used to follow endangered species, see where they are going and how many of them there are. If they are killing themselves or if there are poachers killing them so we know exactly why they are becoming extinct. ",19,-0.054649241268634796
21,http://purl.org/innovonto/mturk/hit/337F8MIIMZK0EA7V1YYF0106J9440K,http://purl.org/innovonto/mturk/worker/A248LF7KKHXZ14,1,83.984,Can help firefighters locate animals in a fire.,-1,-1.0
22,http://purl.org/innovonto/mturk/hit/337F8MIIMZK0EA7V1YYF0106J9440K,http://purl.org/innovonto/mturk/worker/A248LF7KKHXZ14,2,173.706,Can be used to track intruders at schools.,21,-0.047627318650484085
23,http://purl.org/innovonto/mturk/hit/3W1K7D6QSBOH1UYUK7LUEE9YB84BZP,http://purl.org/innovonto/mturk/worker/A272X64FOZFYLB,1,65.472,Place it in a department store to try and identify if people are shoplifting based on how they are moving.,-1,-1.0
24,http://purl.org/innovonto/mturk/hit/3W1K7D6QSBOH1UYUK7LUEE9YB84BZP,http://purl.org/innovonto/mturk/worker/A272X64FOZFYLB,10,82.457,Track movement patterns of babies to see if they might have developmental delays or disabilities.,36,-0.04175654798746109
25,http://purl.org/innovonto/mturk/hit/3W1K7D6QSBOH1UYUK7LUEE9YB84BZP,http://purl.org/innovonto/mturk/worker/A272X64FOZFYLB,11,70.921,Use it to identify fouls or false starts in sporting events.,24,0.046861618757247925
26,http://purl.org/innovonto/mturk/hit/3W1K7D6QSBOH1UYUK7LUEE9YB84BZP,http://purl.org/innovonto/mturk/worker/A272X64FOZFYLB,12,73.588,Use it to help actors better emulate the movement of the characters they're playing.,25,-0.09669582545757294
27,http://purl.org/innovonto/mturk/hit/3W1K7D6QSBOH1UYUK7LUEE9YB84BZP,http://purl.org/innovonto/mturk/worker/A272X64FOZFYLB,13,50.882,Help baseball pitchers refine their pitching technique.,26,-0.05856509134173393
28,http://purl.org/innovonto/mturk/hit/3W1K7D6QSBOH1UYUK7LUEE9YB84BZP,http://purl.org/innovonto/mturk/worker/A272X64FOZFYLB,14,64.17,Use the movement patterns as a password to enter a house.,27,-0.012085174210369587
29,http://purl.org/innovonto/mturk/hit/3W1K7D6QSBOH1UYUK7LUEE9YB84BZP,http://purl.org/innovonto/mturk/worker/A272X64FOZFYLB,2,111.043,Put it in a forest/habitat to try and detect species that are difficult to track and are in danger of extinction.,23,0.08162690699100494
30,http://purl.org/innovonto/mturk/hit/3W1K7D6QSBOH1UYUK7LUEE9YB84BZP,http://purl.org/innovonto/mturk/worker/A272X64FOZFYLB,3,72.153,Use it to analyze and improve the running form of track and field athletes.,29,0.05684767663478851
31,http://purl.org/innovonto/mturk/hit/3W1K7D6QSBOH1UYUK7LUEE9YB84BZP,http://purl.org/innovonto/mturk/worker/A272X64FOZFYLB,4,97.267,Use it to detect if people are lying based on how their face moves under questioning.,30,-0.025223970413208008
32,http://purl.org/innovonto/mturk/hit/3W1K7D6QSBOH1UYUK7LUEE9YB84BZP,http://purl.org/innovonto/mturk/worker/A272X64FOZFYLB,5,52.225,Use it to detect autism in young children based on their bodily movements.,31,0.008082886226475239
33,http://purl.org/innovonto/mturk/hit/3W1K7D6QSBOH1UYUK7LUEE9YB84BZP,http://purl.org/innovonto/mturk/worker/A272X64FOZFYLB,6,83.614,Help people improve their weightlifting form.,32,0.055015549063682556
34,http://purl.org/innovonto/mturk/hit/3W1K7D6QSBOH1UYUK7LUEE9YB84BZP,http://purl.org/innovonto/mturk/worker/A272X64FOZFYLB,7,83.788,Track the movement patterns of young athletes to identify ones who might be at higher risk of injury.,33,-0.04727986082434654
35,http://purl.org/innovonto/mturk/hit/3W1K7D6QSBOH1UYUK7LUEE9YB84BZP,http://purl.org/innovonto/mturk/worker/A272X64FOZFYLB,8,76.045,Track the movement patterns of people recovering from injury to more specifically tailor their rehabilitation protocol.,34,0.056099239736795425
36,http://purl.org/innovonto/mturk/hit/3W1K7D6QSBOH1UYUK7LUEE9YB84BZP,http://purl.org/innovonto/mturk/worker/A272X64FOZFYLB,9,83.611,Identify movement patterns in feral animals acting strangely to see if they have rabies.,35,-0.04626411572098732
37,http://purl.org/innovonto/mturk/hit/3W1K7D6QSBOH1UYUK7LUEE9YB84BZP,http://purl.org/innovonto/mturk/worker/A2FZFVZYY4DJ7X,1,66.164,baby sleep/health monitor,-1,-1.0
38,http://purl.org/innovonto/mturk/hit/3W1K7D6QSBOH1UYUK7LUEE9YB84BZP,http://purl.org/innovonto/mturk/worker/A2FZFVZYY4DJ7X,2,33.544,police body camera,37,-0.00063841522205621
39,http://purl.org/innovonto/mturk/hit/3W1K7D6QSBOH1UYUK7LUEE9YB84BZP,http://purl.org/innovonto/mturk/worker/A2FZFVZYY4DJ7X,3,113.397,search and rescue operations,38,-0.0858742818236351
40,http://purl.org/innovonto/mturk/hit/3W1K7D6QSBOH1UYUK7LUEE9YB84BZP,http://purl.org/innovonto/mturk/worker/A2FZFVZYY4DJ7X,4,93.283,border patrol,39,-0.02406834252178669
41,http://purl.org/innovonto/mturk/hit/3W1K7D6QSBOH1UYUK7LUEE9YB84BZP,http://purl.org/innovonto/mturk/worker/A2FZFVZYY4DJ7X,5,286.403,can it see water moving underground? locate freshwater in drought areas,40,0.007076664827764034
42,http://purl.org/innovonto/mturk/hit/3W1K7D6QSBOH1UYUK7LUEE9YB84BZP,http://purl.org/innovonto/mturk/worker/A2FZFVZYY4DJ7X,6,60.855,help soldiers locate enemy combatants,41,0.046940676867961884
43,http://purl.org/innovonto/mturk/hit/3W1K7D6QSBOH1UYUK7LUEE9YB84BZP,http://purl.org/innovonto/mturk/worker/A2FZFVZYY4DJ7X,7,206.384,teddy bear nanny cam with alert functions,42,0.037904042750597
44,http://purl.org/innovonto/mturk/hit/3W1K7D6QSBOH1UYUK7LUEE9YB84BZP,http://purl.org/innovonto/mturk/worker/A2FZFVZYY4DJ7X,8,78.62,tech powered doggy door. Opens the door when it recognizes your pet,43,-0.03470506891608238
45,http://purl.org/innovonto/mturk/hit/3DWGDA5POFBZFCBSHD32NWJT1L71VW,http://purl.org/innovonto/mturk/worker/A2OO4PG3LBLP5I,1,164.795,Can be used to assist a person with night vision capabilities when walking or jogging in the dark.,-1,-1.0
46,http://purl.org/innovonto/mturk/hit/3DWGDA5POFBZFCBSHD32NWJT1L71VW,http://purl.org/innovonto/mturk/worker/A2OO4PG3LBLP5I,2,150.65,Can be used as a home monitoring alarm that warns you of intruders or suspicious moments when installed in home.,45,0.03611428663134575
47,http://purl.org/innovonto/mturk/hit/3DWGDA5POFBZFCBSHD32NWJT1L71VW,http://purl.org/innovonto/mturk/worker/A2OO4PG3LBLP5I,3,358.089,can be used in businesses to conduct security scans on customers when needed. Simply scan the customers body and confirm whether or not they are carrying weapons.,46,-0.062515988945961
48,http://purl.org/innovonto/mturk/hit/337F8MIIMZK0EA7V1YYF0106J9440K,http://purl.org/innovonto/mturk/worker/A2RTJ6BDY0DZVZ,1,187.046,Another use of the technology could be by police departments when they are monitoring activity of criminals. The technology could record activity and see if there are patterns and identify possible suspects.,-1,-1.0
49,http://purl.org/innovonto/mturk/hit/337F8MIIMZK0EA7V1YYF0106J9440K,http://purl.org/innovonto/mturk/worker/A2RTJ6BDY0DZVZ,2,200.427,Environmental agencies could use it to track damage done by severe weather and look for people who may have been trapped and injured.,48,-0.0964842289686203
50,http://purl.org/innovonto/mturk/hit/337F8MIIMZK0EA7V1YYF0106J9440K,http://purl.org/innovonto/mturk/worker/A2RTJ6BDY0DZVZ,3,140.731,Retail mall security could use to track foot traffic and if there are any suspicious individuals who may want to do harm to another person.,49,-0.07861478626728058
51,http://purl.org/innovonto/mturk/hit/337F8MIIMZK0EA7V1YYF0106J9440K,http://purl.org/innovonto/mturk/worker/A2RTJ6BDY0DZVZ,4,137.021,Corporations could use it to monitor remote automated tasks that need to be done by a certain deadline. ,50,0.022710824385285378
52,http://purl.org/innovonto/mturk/hit/337F8MIIMZK0EA7V1YYF0106J9440K,http://purl.org/innovonto/mturk/worker/A2RTJ6BDY0DZVZ,5,113.359,Employee security and access into a building with swiping badges no longer necessary.,51,0.039112579077482224
53,http://purl.org/innovonto/mturk/hit/337F8MIIMZK0EA7V1YYF0106J9440K,http://purl.org/innovonto/mturk/worker/A2RTJ6BDY0DZVZ,6,101.217,Airports can monitor flight patterns and if an airplane is where it should be.,52,0.0680450052022934
54,http://purl.org/innovonto/mturk/hit/3DWGDA5POFBZFCBSHD32NWJT1L71VW,http://purl.org/innovonto/mturk/worker/A2XH3ANYM43OB9,1,76.958,Can be used to reduce crime rate ,-1,-1.0
55,http://purl.org/innovonto/mturk/hit/3DWGDA5POFBZFCBSHD32NWJT1L71VW,http://purl.org/innovonto/mturk/worker/A2XH3ANYM43OB9,2,136.457,Radar sensor can be used by marine researchers,54,0.04518876597285271
56,http://purl.org/innovonto/mturk/hit/3DWGDA5POFBZFCBSHD32NWJT1L71VW,http://purl.org/innovonto/mturk/worker/A2XH3ANYM43OB9,3,1094.277,It will help the military in fighting war,55,0.04299822822213173
57,http://purl.org/innovonto/mturk/hit/3DWGDA5POFBZFCBSHD32NWJT1L71VW,http://purl.org/innovonto/mturk/worker/A2XH3ANYM43OB9,4,31.085,Can be used as a spy gadget,56,0.031130271032452583
58,http://purl.org/innovonto/mturk/hit/3DWGDA5POFBZFCBSHD32NWJT1L71VW,http://purl.org/innovonto/mturk/worker/A2XH3ANYM43OB9,5,356.006,Can be a great addition to the health sector,57,-0.0851648673415184
59,http://purl.org/innovonto/mturk/hit/3DWGDA5POFBZFCBSHD32NWJT1L71VW,http://purl.org/innovonto/mturk/worker/A2XH3ANYM43OB9,6,65.18,"Can be used to study and measure heart rate, blood pressure ",58,0.07025337964296341
60,http://purl.org/innovonto/mturk/hit/3DWGDA5POFBZFCBSHD32NWJT1L71VW,http://purl.org/innovonto/mturk/worker/A2XMFTY9WB05U6,1,136.04,This technology could also be used to see where there could be trapped people either from a natural disaster or a house fire. I could help locate them by sensing movement.,-1,-1.0
61,http://purl.org/innovonto/mturk/hit/3DWGDA5POFBZFCBSHD32NWJT1L71VW,http://purl.org/innovonto/mturk/worker/A2XMFTY9WB05U6,2,160.145,It could be used in space on advanced telescopes to spot incoming large objects that could be potential threats to the planet.,60,-0.00011214776895940304
62,http://purl.org/innovonto/mturk/hit/3DWGDA5POFBZFCBSHD32NWJT1L71VW,http://purl.org/innovonto/mturk/worker/A2XMFTY9WB05U6,3,245.478,It could be used to follow vehicle and pedestrian paths in a city to help facility better designed structures and roads. The movement data could be used to help identify ways of decreasing traffic choke points or to monitor traffic flow through an intersection.,61,0.03989962860941887
63,http://purl.org/innovonto/mturk/hit/3DWGDA5POFBZFCBSHD32NWJT1L71VW,http://purl.org/innovonto/mturk/worker/A2XMFTY9WB05U6,4,210.291,It can be used by police in conjunction with police scanners to identify the type or size of the vehicle or object. This could aid in low light or inclement weather conditions.,62,0.01874706707894802
64,http://purl.org/innovonto/mturk/hit/3DWGDA5POFBZFCBSHD32NWJT1L71VW,http://purl.org/innovonto/mturk/worker/A2XMFTY9WB05U6,5,226.997,It could be used to trace activity beneath clothes. Could be used at airports to identify what people may be carrying on their person underneath their clothing.,63,-0.05516382306814194
65,http://purl.org/innovonto/mturk/hit/3DWGDA5POFBZFCBSHD32NWJT1L71VW,http://purl.org/innovonto/mturk/worker/A2XMFTY9WB05U6,6,105.57,It could be used to predict the direction of an object. If doing a scan of an animal that needs to be captured it may be able to compare it to the database and predict it's pattern thus making capture easier.,64,-0.06496334820985794
66,http://purl.org/innovonto/mturk/hit/337F8MIIMZK0EA7V1YYF0106J9440K,http://purl.org/innovonto/mturk/worker/A320QA9HJFUOZO,1,106.137,"Use in sports like running to identify areas for improvement in runners' strides, and improve on athletic performance",-1,-1.0
67,http://purl.org/innovonto/mturk/hit/337F8MIIMZK0EA7V1YYF0106J9440K,http://purl.org/innovonto/mturk/worker/A320QA9HJFUOZO,2,128.836,"Use in wildlife areas to identify, count, and track different animals",66,0.05660781264305115
68,http://purl.org/innovonto/mturk/hit/337F8MIIMZK0EA7V1YYF0106J9440K,http://purl.org/innovonto/mturk/worker/A320QA9HJFUOZO,3,145.582,Use to track movement of workers in job settings in order to identify areas for increased efficiency of movement resulting in higher productivity,67,-0.026838408783078194
69,http://purl.org/innovonto/mturk/hit/337F8MIIMZK0EA7V1YYF0106J9440K,http://purl.org/innovonto/mturk/worker/A320QA9HJFUOZO,4,211.826,"Use in low visibility work environments (fog, smoke, firefighting), to detect living humans or animals.",68,-0.045811690390110016
70,http://purl.org/innovonto/mturk/hit/337F8MIIMZK0EA7V1YYF0106J9440K,http://purl.org/innovonto/mturk/worker/A320QA9HJFUOZO,5,309.559,Use in military settings to detect enemy soldiers in low visibility settings,69,0.05918005481362343
71,http://purl.org/innovonto/mturk/hit/337F8MIIMZK0EA7V1YYF0106J9440K,http://purl.org/innovonto/mturk/worker/A320QA9HJFUOZO,6,165.841,Use to track human or animal movements in locations with severe weather conditions,70,-0.06915289163589478
72,http://purl.org/innovonto/mturk/hit/371Q3BEXDHGGIGFWVT7P43JYFWPSZ6,http://purl.org/innovonto/mturk/worker/A326O3VWP8TO8N,1,127.532,"Much like sonar and radar, we can use this technology to determine movements in warzones and what kind of movements are happening. This will help track the enemy and bolster defense reactions.",-1,-1.0
73,http://purl.org/innovonto/mturk/hit/371Q3BEXDHGGIGFWVT7P43JYFWPSZ6,http://purl.org/innovonto/mturk/worker/A326O3VWP8TO8N,2,110.434,We can use this motion technology in the medical field to track movements of patients going through physical therapy in order to make sure their movements are correct and can serve as a check for the instructor to use.,72,-0.04161274805665016
74,http://purl.org/innovonto/mturk/hit/371Q3BEXDHGGIGFWVT7P43JYFWPSZ6,http://purl.org/innovonto/mturk/worker/A326O3VWP8TO8N,3,92.546,We can use the motion of trees and other plants to determine wind patterns and get a more accurate and precise measure when cross checked between weather stations,73,0.08203589171171188
75,http://purl.org/innovonto/mturk/hit/371Q3BEXDHGGIGFWVT7P43JYFWPSZ6,http://purl.org/innovonto/mturk/worker/A326O3VWP8TO8N,4,112.645,We can use these tracking in the field of 3D games that use physics engines as well as general physics simulations on a computer to further understand and apply realistic experiments without having to do so in the real world.,74,0.01799505017697811
76,http://purl.org/innovonto/mturk/hit/371Q3BEXDHGGIGFWVT7P43JYFWPSZ6,http://purl.org/innovonto/mturk/worker/A326O3VWP8TO8N,5,426.26,It can be used in a situation of burglary. Throw a smoke grenade down automatically and see where the thieves run to. It will be useful in home and commercial security.,75,0.05421094223856926
77,http://purl.org/innovonto/mturk/hit/3W1K7D6QSBOH1UYUK7LUEE9YB84BZP,http://purl.org/innovonto/mturk/worker/A33QUS4NRVVMTN,1,89.313,This would be useful for locating and tracking animals on land whom are endangered.,-1,-1.0
78,http://purl.org/innovonto/mturk/hit/3W1K7D6QSBOH1UYUK7LUEE9YB84BZP,http://purl.org/innovonto/mturk/worker/A33QUS4NRVVMTN,10,117.041,This could track migration patterns in animals and birds or other wildlife that do not live in the ocean. ,86,-0.03708966076374054
79,http://purl.org/innovonto/mturk/hit/3W1K7D6QSBOH1UYUK7LUEE9YB84BZP,http://purl.org/innovonto/mturk/worker/A33QUS4NRVVMTN,2,107.142,"This would be useful in identifying and finding individuals if they are lost in a public space, like a mall or theme park. ",77,0.027439935132861137
80,http://purl.org/innovonto/mturk/hit/3W1K7D6QSBOH1UYUK7LUEE9YB84BZP,http://purl.org/innovonto/mturk/worker/A33QUS4NRVVMTN,3,62.312,"This could be used as surveillance on humans or criminals, like with law enforcement. ",79,-0.02624884806573391
81,http://purl.org/innovonto/mturk/hit/3W1K7D6QSBOH1UYUK7LUEE9YB84BZP,http://purl.org/innovonto/mturk/worker/A33QUS4NRVVMTN,4,124.923,This could be used to track individuals when they are traveling by bicycle (for bike races) or other accessible vehicle that doesn't have impenetrable metal. ,80,-0.05846012383699417
82,http://purl.org/innovonto/mturk/hit/3W1K7D6QSBOH1UYUK7LUEE9YB84BZP,http://purl.org/innovonto/mturk/worker/A33QUS4NRVVMTN,5,36.247,This could be used to track horses and their jockeys during horse racing. ,81,0.04616021737456322
83,http://purl.org/innovonto/mturk/hit/3W1K7D6QSBOH1UYUK7LUEE9YB84BZP,http://purl.org/innovonto/mturk/worker/A33QUS4NRVVMTN,6,77.383,"This could also be used to locate and follow individuals who are participating in events like triathlons, marathons, and other outdoor spots. ",82,-0.012435915879905224
84,http://purl.org/innovonto/mturk/hit/3W1K7D6QSBOH1UYUK7LUEE9YB84BZP,http://purl.org/innovonto/mturk/worker/A33QUS4NRVVMTN,7,66.864,"This could also be used to locate and follow individuals who are participating in events like triathlons, marathons, and other outdoor sports. (Last submission had a typo.) ",83,0.0673903077840805
85,http://purl.org/innovonto/mturk/hit/3W1K7D6QSBOH1UYUK7LUEE9YB84BZP,http://purl.org/innovonto/mturk/worker/A33QUS4NRVVMTN,8,83.861,This could identify and locate children during extracurricular activities or field trips. ,84,-0.031717631965875626
86,http://purl.org/innovonto/mturk/hit/3W1K7D6QSBOH1UYUK7LUEE9YB84BZP,http://purl.org/innovonto/mturk/worker/A33QUS4NRVVMTN,9,59.354,This could be used to track the movement of dancers when they are doing choreography. ,85,0.05193839594721794
87,http://purl.org/innovonto/mturk/hit/3W1K7D6QSBOH1UYUK7LUEE9YB84BZP,http://purl.org/innovonto/mturk/worker/A38DXFI1TZA295,1,72.414,guide robots,-1,-1.0
88,http://purl.org/innovonto/mturk/hit/3W1K7D6QSBOH1UYUK7LUEE9YB84BZP,http://purl.org/innovonto/mturk/worker/A38DXFI1TZA295,2,85.24,help vehicles avoid collisions,87,-0.05488717183470726
89,http://purl.org/innovonto/mturk/hit/3W1K7D6QSBOH1UYUK7LUEE9YB84BZP,http://purl.org/innovonto/mturk/worker/A38DXFI1TZA295,3,134.544,map out and create virtual reality environments based on real locations,88,-0.028587594628334045
90,http://purl.org/innovonto/mturk/hit/337F8MIIMZK0EA7V1YYF0106J9440K,http://purl.org/innovonto/mturk/worker/A38OPVI04AH4JG,1,390.169,Helps to study weather patterns for future prediction improvements.,-1,-1.0
91,http://purl.org/innovonto/mturk/hit/337F8MIIMZK0EA7V1YYF0106J9440K,http://purl.org/innovonto/mturk/worker/A38OPVI04AH4JG,2,397.259,Can identify and conduct inventory automatically.,90,0.026354428380727768
92,http://purl.org/innovonto/mturk/hit/3DWGDA5POFBZFCBSHD32NWJT1L71VW,http://purl.org/innovonto/mturk/worker/A39C210BKD7YNN,1,349.388,This technology could help me to have a better experience at the beach. It could warn me about bad weather coming up. It could also direct me to a less crowded area.  It could also warn me about when I have had too much sun exposure.  ,-1,-1.0
93,http://purl.org/innovonto/mturk/hit/3DWGDA5POFBZFCBSHD32NWJT1L71VW,http://purl.org/innovonto/mturk/worker/A39C210BKD7YNN,2,387.415,"This technology could help me with my crochet projects, but letting me know how much work I have done, how long I have worked on it, and if I have enough yarn left to complete the project, and if not, how much more I will need.      ",92,0.04514215141534805
94,http://purl.org/innovonto/mturk/hit/3DWGDA5POFBZFCBSHD32NWJT1L71VW,http://purl.org/innovonto/mturk/worker/A39C210BKD7YNN,3,148.5,This could help me when I am jogging to warn me about bad weather and heavy traffic. It could also plan my best route.  ,93,0.024333013221621513
95,http://purl.org/innovonto/mturk/hit/337F8MIIMZK0EA7V1YYF0106J9440K,http://purl.org/innovonto/mturk/worker/A3C5G8LGIAW0XL,1,400.637,"This technology might be useful in un-manned rockets to explore asteroids, stars and planets. Because of the unknown and known climates of these bodies, this would enable us to compare and contrast movements of objects on Earth to those of which they detect in outer space, especially as the equipment works in challenging atmospheres.",-1,-1.0
96,http://purl.org/innovonto/mturk/hit/337F8MIIMZK0EA7V1YYF0106J9440K,http://purl.org/innovonto/mturk/worker/A3C5G8LGIAW0XL,2,307.723,"This technology might have a useful application is crowd control, be it a concert or a protest. Analyzing what movements people make when they are in peril or moments of joy etc. This kind of analysis may be useful when designing venues, it terms of exits etc, in a law enforcement application it can be used to predict crowd behavior.",95,-0.0023786944802850485
97,http://purl.org/innovonto/mturk/hit/3W1K7D6QSBOH1UYUK7LUEE9YB84BZP,http://purl.org/innovonto/mturk/worker/A3JP7DIFRS0ZBY,1,135.046,"an alarm system that detects movement, records it, sets off an alarm.",-1,-1.0
98,http://purl.org/innovonto/mturk/hit/3W1K7D6QSBOH1UYUK7LUEE9YB84BZP,http://purl.org/innovonto/mturk/worker/A3JP7DIFRS0ZBY,2,145.793,exploring dark places like caves,97,-0.036840375512838364
99,http://purl.org/innovonto/mturk/hit/3W1K7D6QSBOH1UYUK7LUEE9YB84BZP,http://purl.org/innovonto/mturk/worker/A3JP7DIFRS0ZBY,3,134.97,as a military or law enforcement tool to use in situation where they are assessing whether people or anything else may be in a building or room they want to enter.,98,-0.01821170188486576
100,http://purl.org/innovonto/mturk/hit/3W1K7D6QSBOH1UYUK7LUEE9YB84BZP,http://purl.org/innovonto/mturk/worker/A3JP7DIFRS0ZBY,4,250.695,As a sensor on rovers or other vehicles we send into space.  ,99,0.054099418222904205
101,http://purl.org/innovonto/mturk/hit/3W1K7D6QSBOH1UYUK7LUEE9YB84BZP,http://purl.org/innovonto/mturk/worker/A3JP7DIFRS0ZBY,5,156.034,"To use in wildlife research, where movement triggers a camera.",100,-0.010958720929920673
102,http://purl.org/innovonto/mturk/hit/3W1K7D6QSBOH1UYUK7LUEE9YB84BZP,http://purl.org/innovonto/mturk/worker/A3JP7DIFRS0ZBY,6,494.921,An Orwellian surveillance system as in The Dark Knight,101,-0.04605863615870476
103,http://purl.org/innovonto/mturk/hit/337F8MIIMZK0EA7V1YYF0106J9440K,http://purl.org/innovonto/mturk/worker/A3O0QZQ4V2IXT7,1,230.663,This technology can be used to track endangered species in the wild to help keep count of them.,-1,-1.0
104,http://purl.org/innovonto/mturk/hit/337F8MIIMZK0EA7V1YYF0106J9440K,http://purl.org/innovonto/mturk/worker/A3O0QZQ4V2IXT7,2,59.772,It can track migration patterns of animals.,103,0.05143745243549347
105,http://purl.org/innovonto/mturk/hit/337F8MIIMZK0EA7V1YYF0106J9440K,http://purl.org/innovonto/mturk/worker/A3O0QZQ4V2IXT7,3,241.284,Can detect a potential robbery if used in stores to record previous motions that resulted in armed robbery. Will alert if actions are similar of customers in the store.,104,-0.038511306047439575
106,http://purl.org/innovonto/mturk/hit/337F8MIIMZK0EA7V1YYF0106J9440K,http://purl.org/innovonto/mturk/worker/A3O0QZQ4V2IXT7,4,129.609,The technology can be used my hunters to see if there is any movement similar to the animals they are hunting.,105,0.01516365259885788
107,http://purl.org/innovonto/mturk/hit/337F8MIIMZK0EA7V1YYF0106J9440K,http://purl.org/innovonto/mturk/worker/A3O0QZQ4V2IXT7,5,126.45,It can be used to compare aircraft activity.,106,0.029680512845516205
108,http://purl.org/innovonto/mturk/hit/337F8MIIMZK0EA7V1YYF0106J9440K,http://purl.org/innovonto/mturk/worker/A3O0QZQ4V2IXT7,6,182.793,It can be used to detect movement of automobiles and their speed along with the probability of an accident based on history.,107,-0.0062391930259764194
109,http://purl.org/innovonto/mturk/hit/3DWGDA5POFBZFCBSHD32NWJT1L71VW,http://purl.org/innovonto/mturk/worker/A3O5EU9QQV2OS1,1,67.479,It can be used for detecting movement in front of doors and automatically opening them.,-1,-1.0
110,http://purl.org/innovonto/mturk/hit/3DWGDA5POFBZFCBSHD32NWJT1L71VW,http://purl.org/innovonto/mturk/worker/A3O5EU9QQV2OS1,2,140.482,It can be used for detecting movements through smoke in a military environment.,109,0.050762008875608444
111,http://purl.org/innovonto/mturk/hit/337F8MIIMZK0EA7V1YYF0106J9440K,http://purl.org/innovonto/mturk/worker/AGKL1HOKIR138,1,187.603,It could aid first responders or law enforcement in locating lost or injured people outdoors.,-1,-1.0
112,http://purl.org/innovonto/mturk/hit/337F8MIIMZK0EA7V1YYF0106J9440K,http://purl.org/innovonto/mturk/worker/AGKL1HOKIR138,2,90.569,It could assist a fisherman with determining how many and what type of fish are in an a particular area of a body of water.,111,0.07092264294624329
113,http://purl.org/innovonto/mturk/hit/337F8MIIMZK0EA7V1YYF0106J9440K,http://purl.org/innovonto/mturk/worker/AGKL1HOKIR138,3,315.815,It could help to identify and rescue people trapped in severe weather conditions.,112,-0.002491372637450695
114,http://purl.org/innovonto/mturk/hit/337F8MIIMZK0EA7V1YYF0106J9440K,http://purl.org/innovonto/mturk/worker/AGKL1HOKIR138,4,60.258,It could help a hunter determine what type of animals are in the area at night. ,113,0.04300631210207939
115,http://purl.org/innovonto/mturk/hit/337F8MIIMZK0EA7V1YYF0106J9440K,http://purl.org/innovonto/mturk/worker/AGKL1HOKIR138,5,113.036,It could be used for home security by monitoring your home and alerting to unknown people and motions.,114,-0.039984844624996185
116,http://purl.org/innovonto/mturk/hit/3DWGDA5POFBZFCBSHD32NWJT1L71VW,http://purl.org/innovonto/mturk/worker/AKNLD4GWEGW4U,1,128.038,This technology could be used to extrapolate walking data from pedestrians moving about and use the data to construct optimal street layouts for efficient walking and crosswalks.,-1,-1.0
117,http://purl.org/innovonto/mturk/hit/3DWGDA5POFBZFCBSHD32NWJT1L71VW,http://purl.org/innovonto/mturk/worker/AKNLD4GWEGW4U,2,206.167,We could position these devices in strategic areas around bee colonies and track individual bee flight paths and behavior to better understand a pivotal part in our planets ability to germinate crops.,116,-0.0664624273777008
118,http://purl.org/innovonto/mturk/hit/3DWGDA5POFBZFCBSHD32NWJT1L71VW,http://purl.org/innovonto/mturk/worker/AKNLD4GWEGW4U,3,144.84,"An obvious application of such technology would be to implement it into all forms of autonomous vehicles, being able to track, process and predict obstructions in the line of sight even through smoke and fog would be invaluable and life saving.",117,-0.016946973279118538
119,http://purl.org/innovonto/mturk/hit/3DWGDA5POFBZFCBSHD32NWJT1L71VW,http://purl.org/innovonto/mturk/worker/AKNLD4GWEGW4U,4,223.013,"Another application for this technology would be in face masks for all types of situations, like for example firefighters being able to scan a smoke filled room and not only find survivors in need of rescue but using the AI predict the safest route to them and out of the building. This could also be used in hostage rescue situations or any search and rescue.",118,0.043284472078084946
120,http://purl.org/innovonto/mturk/hit/3DWGDA5POFBZFCBSHD32NWJT1L71VW,http://purl.org/innovonto/mturk/worker/AKNLD4GWEGW4U,5,287.31,"The best use of this technology I can personally think of is combining it with a short burst laser technology to track and shoot down mosquito all over the world, setting them up around potential breeding areas for them, with the very cheap cost and effectiveness of lasers to destroy them and this technology to track and target them, we could eliminate massive sources of death and disease in the world.",119,0.0027413428761065006
121,http://purl.org/innovonto/mturk/hit/3DWGDA5POFBZFCBSHD32NWJT1L71VW,http://purl.org/innovonto/mturk/worker/ALEJV7D94ZLHF,1,130.47,"If in every area of the city, it would be virtually impossible for criminals to escape the police through the tracking offered by these devices.",-1,-1.0
122,http://purl.org/innovonto/mturk/hit/3DWGDA5POFBZFCBSHD32NWJT1L71VW,http://purl.org/innovonto/mturk/worker/ALEJV7D94ZLHF,2,184.209,Missile defense system in the military.,121,-0.05668957903981209
123,http://purl.org/innovonto/mturk/hit/3DWGDA5POFBZFCBSHD32NWJT1L71VW,http://purl.org/innovonto/mturk/worker/ALEJV7D94ZLHF,3,93.462,Allow robots to play sports.,122,-0.032813284546136856
124,http://purl.org/innovonto/mturk/hit/3DWGDA5POFBZFCBSHD32NWJT1L71VW,http://purl.org/innovonto/mturk/worker/ALEJV7D94ZLHF,4,242.688,Mix with automatic cars and flying cars to make flying cars that are not ridiculously dangerous.,123,0.025319673120975494
125,http://purl.org/innovonto/mturk/hit/3DWGDA5POFBZFCBSHD32NWJT1L71VW,http://purl.org/innovonto/mturk/worker/ALEJV7D94ZLHF,5,242.843,Integrate with automatic cars to make them safer and more precise.,124,-0.029751069843769073
126,http://purl.org/innovonto/mturk/hit/3DWGDA5POFBZFCBSHD32NWJT1L71VW,http://purl.org/innovonto/mturk/worker/AUFUUD4WG9CVO,1,48.623,Depending on how good it is compared to previous generations it could make for a good motion controller for a video game,-1,-1.0
127,http://purl.org/innovonto/mturk/hit/3DWGDA5POFBZFCBSHD32NWJT1L71VW,http://purl.org/innovonto/mturk/worker/AUFUUD4WG9CVO,2,77.141,It could be used to track sports games so better live updates could be sent to websites,126,-0.02672724239528179
128,http://purl.org/innovonto/mturk/hit/3DWGDA5POFBZFCBSHD32NWJT1L71VW,http://purl.org/innovonto/mturk/worker/AUFUUD4WG9CVO,3,65.678,IT could totally be used for data collection in some fashion. Possibly for bicycle related data.,127,0.013260839506983757
129,http://purl.org/innovonto/mturk/hit/3DWGDA5POFBZFCBSHD32NWJT1L71VW,http://purl.org/innovonto/mturk/worker/AUFUUD4WG9CVO,4,52.785,Could be used for tracking animals in a wildlife preserve,128,0.07783012837171555
130,http://purl.org/innovonto/mturk/hit/3DWGDA5POFBZFCBSHD32NWJT1L71VW,http://purl.org/innovonto/mturk/worker/AUFUUD4WG9CVO,5,68.101,Use on fire helmets to help identify people in burning buildings,129,0.004022655077278614
131,http://purl.org/innovonto/mturk/hit/3DWGDA5POFBZFCBSHD32NWJT1L71VW,http://purl.org/innovonto/mturk/worker/AUFUUD4WG9CVO,6,33.201,There's definitely a military/combat use,130,0.010165116749703884
132,http://purl.org/innovonto/mturk/hit/3DWGDA5POFBZFCBSHD32NWJT1L71VW,http://purl.org/innovonto/mturk/worker/AUFUUD4WG9CVO,7,172.731,Easier livestock monitoring ,131,-0.010979441925883293
133,http://purl.org/innovonto/mturk/hit/3DWGDA5POFBZFCBSHD32NWJT1L71VW,http://purl.org/innovonto/mturk/worker/AUFUUD4WG9CVO,8,221.535,"Predicting trends in sports plays, as a coaching aide, if the AI is good enough at learning",132,-0.027219727635383606
134,http://purl.org/innovonto/mturk/hit/3DWGDA5POFBZFCBSHD32NWJT1L71VW,http://purl.org/innovonto/mturk/worker/AUFUUD4WG9CVO,9,212.256,It's got a lot of  potential applications in the field of criminal justice. From policing to uses in prison.,133,0.03386424109339714
